label	clickSelects	showSelected1	showSelected3	group
Andorra	Andorra	Andorra	Europe & Central Asia	1
United Arab Emirates	United Arab Emirates	United Arab Emirates	Middle East & North Africa	2
Afghanistan	Afghanistan	Afghanistan	South Asia	3
Antigua and Barbuda	Antigua and Barbuda	Antigua and Barbuda	Latin America & Caribbean	4
Albania	Albania	Albania	Europe & Central Asia	5
Armenia	Armenia	Armenia	Europe & Central Asia	6
Angola	Angola	Angola	Sub-Saharan Africa	7
Argentina	Argentina	Argentina	Latin America & Caribbean	8
American Samoa	American Samoa	American Samoa	East Asia & Pacific	9
Austria	Austria	Austria	Europe & Central Asia	10
Australia	Australia	Australia	East Asia & Pacific	11
Aruba	Aruba	Aruba	Latin America & Caribbean	12
Azerbaijan	Azerbaijan	Azerbaijan	Europe & Central Asia	13
Bosnia and Herzegovina	Bosnia and Herzegovina	Bosnia and Herzegovina	Europe & Central Asia	14
Barbados	Barbados	Barbados	Latin America & Caribbean	15
Bangladesh	Bangladesh	Bangladesh	South Asia	16
Belgium	Belgium	Belgium	Europe & Central Asia	17
Burkina Faso	Burkina Faso	Burkina Faso	Sub-Saharan Africa	18
Bulgaria	Bulgaria	Bulgaria	Europe & Central Asia	19
Bahrain	Bahrain	Bahrain	Middle East & North Africa	20
Burundi	Burundi	Burundi	Sub-Saharan Africa	21
Benin	Benin	Benin	Sub-Saharan Africa	22
Bermuda	Bermuda	Bermuda	North America	23
Brunei Darussalam	Brunei Darussalam	Brunei Darussalam	East Asia & Pacific	24
Bolivia	Bolivia	Bolivia	Latin America & Caribbean	25
Brazil	Brazil	Brazil	Latin America & Caribbean	26
Bahamas, The	Bahamas, The	Bahamas, The	Latin America & Caribbean	27
Bhutan	Bhutan	Bhutan	South Asia	28
Botswana	Botswana	Botswana	Sub-Saharan Africa	29
Belarus	Belarus	Belarus	Europe & Central Asia	30
Belize	Belize	Belize	Latin America & Caribbean	31
Canada	Canada	Canada	North America	32
Congo, Dem. Rep.	Congo, Dem. Rep.	Congo, Dem. Rep.	Sub-Saharan Africa	33
Central African Republic	Central African Republic	Central African Republic	Sub-Saharan Africa	34
Congo, Rep.	Congo, Rep.	Congo, Rep.	Sub-Saharan Africa	35
Switzerland	Switzerland	Switzerland	Europe & Central Asia	36
Cote d'Ivoire	Cote d'Ivoire	Cote d'Ivoire	Sub-Saharan Africa	37
Chile	Chile	Chile	Latin America & Caribbean	38
Cameroon	Cameroon	Cameroon	Sub-Saharan Africa	39
China	China	China	East Asia & Pacific	40
Colombia	Colombia	Colombia	Latin America & Caribbean	41
Costa Rica	Costa Rica	Costa Rica	Latin America & Caribbean	42
Cuba	Cuba	Cuba	Latin America & Caribbean	43
Cape Verde	Cape Verde	Cape Verde	Sub-Saharan Africa	44
Curacao	Curacao	Curacao	Latin America & Caribbean	45
Cyprus	Cyprus	Cyprus	Europe & Central Asia	46
Czech Republic	Czech Republic	Czech Republic	Europe & Central Asia	47
Germany	Germany	Germany	Europe & Central Asia	48
Djibouti	Djibouti	Djibouti	Middle East & North Africa	49
Denmark	Denmark	Denmark	Europe & Central Asia	50
Dominica	Dominica	Dominica	Latin America & Caribbean	51
Dominican Republic	Dominican Republic	Dominican Republic	Latin America & Caribbean	52
Algeria	Algeria	Algeria	Middle East & North Africa	53
Ecuador	Ecuador	Ecuador	Latin America & Caribbean	54
Estonia	Estonia	Estonia	Europe & Central Asia	55
Egypt, Arab Rep.	Egypt, Arab Rep.	Egypt, Arab Rep.	Middle East & North Africa	56
Eritrea	Eritrea	Eritrea	Sub-Saharan Africa	57
Spain	Spain	Spain	Europe & Central Asia	58
Ethiopia	Ethiopia	Ethiopia	Sub-Saharan Africa	59
Finland	Finland	Finland	Europe & Central Asia	60
Fiji	Fiji	Fiji	East Asia & Pacific	61
Micronesia, Fed. Sts.	Micronesia, Fed. Sts.	Micronesia, Fed. Sts.	East Asia & Pacific	62
Faeroe Islands	Faeroe Islands	Faeroe Islands	Europe & Central Asia	63
France	France	France	Europe & Central Asia	64
Gabon	Gabon	Gabon	Sub-Saharan Africa	65
United Kingdom	United Kingdom	United Kingdom	Europe & Central Asia	66
Grenada	Grenada	Grenada	Latin America & Caribbean	67
Georgia	Georgia	Georgia	Europe & Central Asia	68
Ghana	Ghana	Ghana	Sub-Saharan Africa	69
Greenland	Greenland	Greenland	Europe & Central Asia	70
Gambia, The	Gambia, The	Gambia, The	Sub-Saharan Africa	71
Guinea	Guinea	Guinea	Sub-Saharan Africa	72
Equatorial Guinea	Equatorial Guinea	Equatorial Guinea	Sub-Saharan Africa	73
Greece	Greece	Greece	Europe & Central Asia	74
Guatemala	Guatemala	Guatemala	Latin America & Caribbean	75
Guam	Guam	Guam	East Asia & Pacific	76
Guinea-Bissau	Guinea-Bissau	Guinea-Bissau	Sub-Saharan Africa	77
Guyana	Guyana	Guyana	Latin America & Caribbean	78
Hong Kong SAR, China	Hong Kong SAR, China	Hong Kong SAR, China	East Asia & Pacific	79
Honduras	Honduras	Honduras	Latin America & Caribbean	80
Croatia	Croatia	Croatia	Europe & Central Asia	81
Haiti	Haiti	Haiti	Latin America & Caribbean	82
Hungary	Hungary	Hungary	Europe & Central Asia	83
Indonesia	Indonesia	Indonesia	East Asia & Pacific	84
Ireland	Ireland	Ireland	Europe & Central Asia	85
Israel	Israel	Israel	Middle East & North Africa	86
Isle of Man	Isle of Man	Isle of Man	Europe & Central Asia	87
India	India	India	South Asia	88
Iraq	Iraq	Iraq	Middle East & North Africa	89
Iran, Islamic Rep.	Iran, Islamic Rep.	Iran, Islamic Rep.	Middle East & North Africa	90
Iceland	Iceland	Iceland	Europe & Central Asia	91
Italy	Italy	Italy	Europe & Central Asia	92
Channel Islands	Channel Islands	Channel Islands	Europe & Central Asia	93
Jamaica	Jamaica	Jamaica	Latin America & Caribbean	94
Jordan	Jordan	Jordan	Middle East & North Africa	95
Japan	Japan	Japan	East Asia & Pacific	96
Kenya	Kenya	Kenya	Sub-Saharan Africa	97
Kyrgyz Republic	Kyrgyz Republic	Kyrgyz Republic	Europe & Central Asia	98
Cambodia	Cambodia	Cambodia	East Asia & Pacific	99
Kiribati	Kiribati	Kiribati	East Asia & Pacific	100
Comoros	Comoros	Comoros	Sub-Saharan Africa	101
St. Kitts and Nevis	St. Kitts and Nevis	St. Kitts and Nevis	Latin America & Caribbean	102
Korea, Dem. Rep.	Korea, Dem. Rep.	Korea, Dem. Rep.	East Asia & Pacific	103
Korea, Rep.	Korea, Rep.	Korea, Rep.	East Asia & Pacific	104
Kosovo	Kosovo	Kosovo	Europe & Central Asia	105
Kuwait	Kuwait	Kuwait	Middle East & North Africa	106
Cayman Islands	Cayman Islands	Cayman Islands	Latin America & Caribbean	107
Kazakhstan	Kazakhstan	Kazakhstan	Europe & Central Asia	108
Lao PDR	Lao PDR	Lao PDR	East Asia & Pacific	109
Lebanon	Lebanon	Lebanon	Middle East & North Africa	110
St. Lucia	St. Lucia	St. Lucia	Latin America & Caribbean	111
Liechtenstein	Liechtenstein	Liechtenstein	Europe & Central Asia	112
Sri Lanka	Sri Lanka	Sri Lanka	South Asia	113
Liberia	Liberia	Liberia	Sub-Saharan Africa	114
Lesotho	Lesotho	Lesotho	Sub-Saharan Africa	115
Lithuania	Lithuania	Lithuania	Europe & Central Asia	116
Luxembourg	Luxembourg	Luxembourg	Europe & Central Asia	117
Latvia	Latvia	Latvia	Europe & Central Asia	118
Libya	Libya	Libya	Middle East & North Africa	119
Morocco	Morocco	Morocco	Middle East & North Africa	120
Monaco	Monaco	Monaco	Europe & Central Asia	121
Moldova	Moldova	Moldova	Europe & Central Asia	122
Montenegro	Montenegro	Montenegro	Europe & Central Asia	123
St. Martin (French part)	St. Martin (French part)	St. Martin (French part)	Latin America & Caribbean	124
Madagascar	Madagascar	Madagascar	Sub-Saharan Africa	125
Marshall Islands	Marshall Islands	Marshall Islands	East Asia & Pacific	126
Macedonia, FYR	Macedonia, FYR	Macedonia, FYR	Europe & Central Asia	127
Mali	Mali	Mali	Sub-Saharan Africa	128
Myanmar	Myanmar	Myanmar	East Asia & Pacific	129
Mongolia	Mongolia	Mongolia	East Asia & Pacific	130
Macao SAR, China	Macao SAR, China	Macao SAR, China	East Asia & Pacific	131
Northern Mariana Islands	Northern Mariana Islands	Northern Mariana Islands	East Asia & Pacific	132
Mauritania	Mauritania	Mauritania	Sub-Saharan Africa	133
Malta	Malta	Malta	Middle East & North Africa	134
Mauritius	Mauritius	Mauritius	Sub-Saharan Africa	135
Maldives	Maldives	Maldives	South Asia	136
Malawi	Malawi	Malawi	Sub-Saharan Africa	137
Mexico	Mexico	Mexico	Latin America & Caribbean	138
Malaysia	Malaysia	Malaysia	East Asia & Pacific	139
Mozambique	Mozambique	Mozambique	Sub-Saharan Africa	140
Namibia	Namibia	Namibia	Sub-Saharan Africa	141
New Caledonia	New Caledonia	New Caledonia	East Asia & Pacific	142
Niger	Niger	Niger	Sub-Saharan Africa	143
Nigeria	Nigeria	Nigeria	Sub-Saharan Africa	144
Nicaragua	Nicaragua	Nicaragua	Latin America & Caribbean	145
Netherlands	Netherlands	Netherlands	Europe & Central Asia	146
Norway	Norway	Norway	Europe & Central Asia	147
Nepal	Nepal	Nepal	South Asia	148
New Zealand	New Zealand	New Zealand	East Asia & Pacific	149
Oman	Oman	Oman	Middle East & North Africa	150
Panama	Panama	Panama	Latin America & Caribbean	151
Peru	Peru	Peru	Latin America & Caribbean	152
French Polynesia	French Polynesia	French Polynesia	East Asia & Pacific	153
Papua New Guinea	Papua New Guinea	Papua New Guinea	East Asia & Pacific	154
Philippines	Philippines	Philippines	East Asia & Pacific	155
Pakistan	Pakistan	Pakistan	South Asia	156
Poland	Poland	Poland	Europe & Central Asia	157
Puerto Rico	Puerto Rico	Puerto Rico	Latin America & Caribbean	158
West Bank and Gaza	West Bank and Gaza	West Bank and Gaza	Middle East & North Africa	159
Portugal	Portugal	Portugal	Europe & Central Asia	160
Palau	Palau	Palau	East Asia & Pacific	161
Paraguay	Paraguay	Paraguay	Latin America & Caribbean	162
Qatar	Qatar	Qatar	Middle East & North Africa	163
Romania	Romania	Romania	Europe & Central Asia	164
Serbia	Serbia	Serbia	Europe & Central Asia	165
Russian Federation	Russian Federation	Russian Federation	Europe & Central Asia	166
Rwanda	Rwanda	Rwanda	Sub-Saharan Africa	167
Saudi Arabia	Saudi Arabia	Saudi Arabia	Middle East & North Africa	168
Solomon Islands	Solomon Islands	Solomon Islands	East Asia & Pacific	169
Seychelles	Seychelles	Seychelles	Sub-Saharan Africa	170
Sudan	Sudan	Sudan	Sub-Saharan Africa	171
Sweden	Sweden	Sweden	Europe & Central Asia	172
Singapore	Singapore	Singapore	East Asia & Pacific	173
Slovenia	Slovenia	Slovenia	Europe & Central Asia	174
Slovak Republic	Slovak Republic	Slovak Republic	Europe & Central Asia	175
Sierra Leone	Sierra Leone	Sierra Leone	Sub-Saharan Africa	176
San Marino	San Marino	San Marino	Europe & Central Asia	177
Senegal	Senegal	Senegal	Sub-Saharan Africa	178
Somalia	Somalia	Somalia	Sub-Saharan Africa	179
Suriname	Suriname	Suriname	Latin America & Caribbean	180
South Sudan	South Sudan	South Sudan	Sub-Saharan Africa	181
Sao Tome and Principe	Sao Tome and Principe	Sao Tome and Principe	Sub-Saharan Africa	182
El Salvador	El Salvador	El Salvador	Latin America & Caribbean	183
Sint Maarten (Dutch part)	Sint Maarten (Dutch part)	Sint Maarten (Dutch part)	Latin America & Caribbean	184
Syrian Arab Republic	Syrian Arab Republic	Syrian Arab Republic	Middle East & North Africa	185
Swaziland	Swaziland	Swaziland	Sub-Saharan Africa	186
Turks and Caicos Islands	Turks and Caicos Islands	Turks and Caicos Islands	Latin America & Caribbean	187
Chad	Chad	Chad	Sub-Saharan Africa	188
Togo	Togo	Togo	Sub-Saharan Africa	189
Thailand	Thailand	Thailand	East Asia & Pacific	190
Tajikistan	Tajikistan	Tajikistan	Europe & Central Asia	191
Timor-Leste	Timor-Leste	Timor-Leste	East Asia & Pacific	192
Turkmenistan	Turkmenistan	Turkmenistan	Europe & Central Asia	193
Tunisia	Tunisia	Tunisia	Middle East & North Africa	194
Tonga	Tonga	Tonga	East Asia & Pacific	195
Turkey	Turkey	Turkey	Europe & Central Asia	196
Trinidad and Tobago	Trinidad and Tobago	Trinidad and Tobago	Latin America & Caribbean	197
Tuvalu	Tuvalu	Tuvalu	East Asia & Pacific	198
Tanzania	Tanzania	Tanzania	Sub-Saharan Africa	199
Ukraine	Ukraine	Ukraine	Europe & Central Asia	200
Uganda	Uganda	Uganda	Sub-Saharan Africa	201
United States	United States	United States	North America	202
Uruguay	Uruguay	Uruguay	Latin America & Caribbean	203
Uzbekistan	Uzbekistan	Uzbekistan	Europe & Central Asia	204
St. Vincent and the Grenadines	St. Vincent and the Grenadines	St. Vincent and the Grenadines	Latin America & Caribbean	205
Venezuela, RB	Venezuela, RB	Venezuela, RB	Latin America & Caribbean	206
Virgin Islands (U.S.)	Virgin Islands (U.S.)	Virgin Islands (U.S.)	Latin America & Caribbean	207
Vietnam	Vietnam	Vietnam	East Asia & Pacific	208
Vanuatu	Vanuatu	Vanuatu	East Asia & Pacific	209
Samoa	Samoa	Samoa	East Asia & Pacific	210
Yemen, Rep.	Yemen, Rep.	Yemen, Rep.	Middle East & North Africa	211
South Africa	South Africa	South Africa	Sub-Saharan Africa	212
Zambia	Zambia	Zambia	Sub-Saharan Africa	213
Zimbabwe	Zimbabwe	Zimbabwe	Sub-Saharan Africa	214
